tick_production_bovine,tick_production_porc,tick_production_poulet,tick_production_legumes,tick_production_coton,tick_consommation_bovine,tick_consommation_porc,tick_consommation_poulet,tick_consommation_legumes,tick_distribution_bovine,tick_distribution_porc,tick_distribution_poulet,tick_distribution_legumes,tick_reception_bovine,tick_reception_porc,tick_reception_poulet,tick_reception_legumes,tick_emission_total,tick_surface_used_viandes,tick_surface_used_legumes,tick_surface_manque_viandes,tick_surface_manque_legumes,tick_water_used_agricole,tick_energy_used_agricole,tick_penurie_bovine,tick_penurie_porc,tick_penurie_poulet,tick_penurie_legumes,tick_stock_bovine,tick_stock_porc,tick_stock_poulet,tick_stock_legumes
7098204.0,10317608.0,9037604.0,40494672.0,0.0,7098204.0,10317608.0,9037604.0,40494672.0,0.0,0.0,0.0,0.0,0.0,0.0,0.0,0.0,87410697.39999999,2086813794.0,26726483.52,0.0,0.0,223327573048.0,107896967.47999999,0.0,0.0,0.0,0.0,0.0,0.0,0.0,0.0
7123824.0,10354848.0,9070224.0,40640832.0,0.0,7111014.0,10336228.0,9053914.0,40567752.0,0.0,0.0,0.0,0.0,0.0,0.0,0.0,0.0,87726194.39999998,2094345864.0,26822949.12,0.0,0.0,224133643488.0,108286406.88,12810.0,18620.0,16310.0,73080.0,0.0,0.0,0.0,0.0
7111014.0,10336228.0,9053914.0,40567752.0,0.0,7111014.0,10336228.0,9053914.0,40567752.0,0.0,0.0,0.0,0.0,0.0,0.0,0.0,0.0,87568445.89999999,2090579829.0,26774716.32,0.0,0.0,223730608268.0,108091687.17999999,0.0,0.0,0.0,0.0,0.0,0.0,0.0,0.0
7111014.0,10336228.0,9053914.0,40567752.0,0.0,7111014.0,10336228.0,9053914.0,40567752.0,0.0,0.0,0.0,0.0,0.0,0.0,0.0,0.0,87568445.89999999,2090579829.0,26774716.32,0.0,0.0,223730608268.0,108091687.17999999,0.0,0.0,0.0,0.0,0.0,0.0,0.0,0.0
7111014.0,10336228.0,9053914.0,40567752.0,0.0,7111014.0,10336228.0,9053914.0,40567752.0,0.0,0.0,0.0,0.0,0.0,0.0,0.0,0.0,87568445.89999999,2090579829.0,26774716.32,0.0,0.0,223730608268.0,108091687.17999999,0.0,0.0,0.0,0.0,0.0,0.0,0.0,0.0
7111014.0,10336228.0,9053914.0,40567752.0,0.0,7111014.0,10336228.0,9053914.0,40567752.0,0.0,0.0,0.0,0.0,0.0,0.0,0.0,0.0,87568445.89999999,2090579829.0,26774716.32,0.0,0.0,223730608268.0,108091687.17999999,0.0,0.0,0.0,0.0,0.0,0.0,0.0,0.0
7111014.0,10336228.0,9053914.0,40567752.0,0.0,7111014.0,10336228.0,9053914.0,40567752.0,0.0,0.0,0.0,0.0,0.0,0.0,0.0,0.0,87568445.89999999,2090579829.0,26774716.32,0.0,0.0,223730608268.0,108091687.17999999,0.0,0.0,0.0,0.0,0.0,0.0,0.0,0.0
7274982.0,10574564.0,9262682.0,41503176.0,0.0,7192998.0,10455396.0,9158298.0,41035464.0,0.0,0.0,0.0,0.0,0.0,0.0,0.0,0.0,89587626.69999999,2138785077.0,27392096.16,0.0,0.0,228889459084.0,110584099.33999999,81984.0,119168.0,104384.0,467712.0,0.0,0.0,0.0,0.0
7192998.0,10455396.0,9158298.0,41035464.0,0.0,7192998.0,10455396.0,9158298.0,41035464.0,0.0,0.0,0.0,0.0,0.0,0.0,0.0,0.0,88578036.3,2114682453.0,27083406.240000002,0.0,0.0,226310033676.0,109337893.26,0.0,0.0,0.0,0.0,0.0,0.0,0.0,0.0
7192998.0,10455396.0,9158298.0,41035464.0,0.0,7192998.0,10455396.0,9158298.0,41035464.0,0.0,0.0,0.0,0.0,0.0,0.0,0.0,0.0,88578036.3,2114682453.0,27083406.240000002,0.0,0.0,226310033676.0,109337893.26,0.0,0.0,0.0,0.0,0.0,0.0,0.0,0.0
7192998.0,10455396.0,9158298.0,41035464.0,0.0,7192998.0,10455396.0,9158298.0,41035464.0,0.0,0.0,0.0,0.0,0.0,0.0,0.0,0.0,88578036.3,2114682453.0,27083406.240000002,0.0,0.0,226310033676.0,109337893.26,0.0,0.0,0.0,0.0,0.0,0.0,0.0,0.0
7192998.0,10455396.0,9158298.0,41035464.0,0.0,7192998.0,10455396.0,9158298.0,41035464.0,0.0,0.0,0.0,0.0,0.0,0.0,0.0,0.0,88578036.3,2114682453.0,27083406.240000002,0.0,0.0,226310033676.0,109337893.26,0.0,0.0,0.0,0.0,0.0,0.0,0.0,0.0
7216056.0,10488912.0,9187656.0,41167008.0,0.0,7204527.0,10472154.0,9172977.0,41101236.0,0.0,0.0,0.0,0.0,0.0,0.0,0.0,0.0,88861983.6,2121461316.0,27170225.28,0.0,0.0,227035497072.0,109688388.72000001,11529.0,16758.0,14679.0,65772.0,0.0,0.0,0.0,0.0
7204527.0,10472154.0,9172977.0,41101236.0,0.0,7204527.0,10472154.0,9172977.0,41101236.0,0.0,0.0,0.0,0.0,0.0,0.0,0.0,0.0,88720009.94999999,2118071884.5,27126815.76,0.0,0.0,226672765374.0,109513140.99000001,0.0,0.0,0.0,0.0,0.0,0.0,0.0,0.0
7224657.0,10501414.0,9198607.0,41216075.999999985,0.0,7217154.0,10490508.0,9189054.0,41173272.0,5124.0,7448.0,6524.0,29232.0000000149,0.0,0.0,0.0,0.0,88967900.44999997,2123989939.5,27202610.159999993,0.0,0.0,227306106434.0,109819129.08999999,7503.0,10906.0,9553.0,42803.9999999851,0.0,0.0,0.0,0.0
7217154.0,10490508.0,9189054.0,41173272.0,0.0,7217154.0,10490508.0,9189054.0,41173272.0,5124.0,7448.0,6524.0,29232.0000000149,0.0,0.0,0.0,0.0,88875504.89999999,2121784119.0,27174359.52,0.0,0.0,227070042948.0,109705078.97999999,0.0,0.0,0.0,0.0,0.0,0.0,0.0,0.0
7217154.0,10490508.0,9189054.0,41173272.0,0.0,7217154.0,10490508.0,9189054.0,41173272.0,5124.0,7448.0,6524.0,29232.0000000149,0.0,0.0,0.0,0.0,88875504.89999999,2121784119.0,27174359.52,0.0,0.0,227070042948.0,109705078.97999999,0.0,0.0,0.0,0.0,0.0,0.0,0.0,0.0
7217154.0,10490508.0,9189054.0,41173272.0,0.0,7217154.0,10490508.0,9189054.0,41173272.0,5124.0,7448.0,6524.0,29232.0000000149,0.0,0.0,0.0,0.0,88875504.89999999,2121784119.0,27174359.52,0.0,0.0,227070042948.0,109705078.97999999,0.0,0.0,0.0,0.0,0.0,0.0,0.0,0.0
7217154.0,10490508.0,9189054.0,41173272.0,0.0,7217154.0,10490508.0,9189054.0,41173272.0,5124.0,7448.0,6524.0,29232.0000000149,0.0,0.0,0.0,0.0,88875504.89999999,2121784119.0,27174359.52,0.0,0.0,227070042948.0,109705078.97999999,0.0,0.0,0.0,0.0,0.0,0.0,0.0,0.0
7217154.0,10490508.0,9189054.0,41173272.0,0.0,7217154.0,10490508.0,9189054.0,41173272.0,5124.0,7448.0,6524.0,29232.0000000149,0.0,0.0,0.0,0.0,88875504.89999999,2121784119.0,27174359.52,0.0,0.0,227070042948.0,109705078.97999999,0.0,0.0,0.0,0.0,0.0,0.0,0.0,0.0
7366848.0,10708096.0,9379648.0,42027264.0,0.0,7292001.0,10599302.0,9284351.0,41600268.0,5124.0,7448.0,6524.0,29232.0000000149,0.0,0.0,0.0,0.0,90718908.8,2165792928.0,27737994.240000002,0.0,0.0,231779797376.0,111980517.76,74847.0,108794.0,95297.0,426996.0,0.0,0.0,0.0,0.0
7292001.0,10599302.0,9284351.0,41600268.0,0.0,7292001.0,10599302.0,9284351.0,41600268.0,5124.0,7448.0,6524.0,29232.0000000149,0.0,0.0,0.0,0.0,89797206.85,2143788523.5,27456176.880000003,0.0,0.0,229424920162.0,110842798.37,0.0,0.0,0.0,0.0,0.0,0.0,0.0,0.0
7292001.0,10599302.0,9284351.0,41600268.0,0.0,7292001.0,10599302.0,9284351.0,41600268.0,5124.0,7448.0,6524.0,29232.0000000149,0.0,0.0,0.0,0.0,89797206.85,2143788523.5,27456176.880000003,0.0,0.0,229424920162.0,110842798.37,0.0,0.0,0.0,0.0,0.0,0.0,0.0,0.0
7292001.0,10599302.0,9284351.0,41600268.0,0.0,7292001.0,10599302.0,9284351.0,41600268.0,5124.0,7448.0,6524.0,29232.0000000149,0.0,0.0,0.0,0.0,89797206.85,2143788523.5,27456176.880000003,0.0,0.0,229424920162.0,110842798.37,0.0,0.0,0.0,0.0,0.0,0.0,0.0,0.0
7292001.0,10599302.0,9284351.0,41600268.0,0.0,7292001.0,10599302.0,9284351.0,41600268.0,5124.0,7448.0,6524.0,29232.0000000149,0.0,0.0,0.0,0.0,89797206.85,2143788523.5,27456176.880000003,0.0,0.0,229424920162.0,110842798.37,0.0,0.0,0.0,0.0,0.0,0.0,0.0,0.0
7317255.0,10636010.0,9316505.0,41744340.0,0.0,7304628.0,10617656.0,9300428.0,41672304.0,5124.0,7448.0,6524.0,29232.0000000149,0.0,0.0,0.0,0.0,90108196.75,2151212992.5,27551264.400000002,0.0,0.0,230219475310.0,111226674.35000001,12627.0,18354.0,16077.0,72036.0,0.0,0.0,0.0,0.0
7304628.0,10617656.0,9300428.0,41672304.0,0.0,7304628.0,10617656.0,9300428.0,41672304.0,5124.0,7448.0,6524.0,29232.0000000149,0.0,0.0,0.0,0.0,89952701.8,2147500758.0,27503720.64,0.0,0.0,229822197736.0,111034736.36,0.0,0.0,0.0,0.0,0.0,0.0,0.0,0.0
7336470.0,10663940.0,9340970.0,41853960.0,0.0,7320549.0,10640798.0,9320699.0,41763132.0,5124.0,7448.0,6524.0,29232.0000000149,0.0,0.0,0.0,0.0,90344819.5,2156862045.0,27623613.6,0.0,0.0,230824028140.0,111518753.9,15921.0,23142.0,20271.0,90828.0,0.0,0.0,0.0,0.0
7320549.0,10640798.0,9320699.0,41763132.0,0.0,7320549.0,10640798.0,9320699.0,41763132.0,5124.0,7448.0,6524.0,29232.0000000149,0.0,0.0,0.0,0.0,90148760.64999998,2152181401.5,27563667.12,0.0,0.0,230323112938.0,111276745.13,0.0,0.0,0.0,0.0,0.0,0.0,0.0,0.0
7320549.0,10640798.0,9320699.0,41763132.0,0.0,7320549.0,10640798.0,9320699.0,41763132.0,5124.0,7448.0,6524.0,29232.0000000149,0.0,0.0,0.0,0.0,90148760.64999998,2152181401.5,27563667.12,0.0,0.0,230323112938.0,111276745.13,0.0,0.0,0.0,0.0,0.0,0.0,0.0,0.0
7320549.0,10640798.0,9320699.0,41763132.0,0.0,7320549.0,10640798.0,9320699.0,41763132.0,5124.0,7448.0,6524.0,29232.0000000149,0.0,0.0,0.0,0.0,90148760.64999998,2152181401.5,27563667.12,0.0,0.0,230323112938.0,111276745.13,0.0,0.0,0.0,0.0,0.0,0.0,0.0,0.0
7320549.0,10640798.0,9320699.0,41763132.0,0.0,7320549.0,10640798.0,9320699.0,41763132.0,5124.0,7448.0,6524.0,29232.0000000149,0.0,0.0,0.0,0.0,90148760.64999998,2152181401.5,27563667.12,0.0,0.0,230323112938.0,111276745.13,0.0,0.0,0.0,0.0,0.0,0.0,0.0,0.0
7320549.0,10640798.0,9320699.0,41763132.0,0.0,7320549.0,10640798.0,9320699.0,41763132.0,5124.0,7448.0,6524.0,29232.0000000149,0.0,0.0,0.0,0.0,90148760.64999998,2152181401.5,27563667.12,0.0,0.0,230323112938.0,111276745.13,0.0,0.0,0.0,0.0,0.0,0.0,0.0,0.0
7459263.0,10842426.0,9497313.0,42554484.0,0.0,7389906.0,10741612.0,9409006.0,42158808.0,5124.0,7448.0,6524.0,29232.0000000149,0.0,0.0,0.0,0.0,91856951.55,2192962180.5,28085959.44,0.0,0.0,234687408606.0,113385281.31000002,69357.0,100814.0,88307.0,395676.0,0.0,0.0,0.0,0.0
7389906.0,10741612.0,9409006.0,42158808.0,0.0,7389906.0,10741612.0,9409006.0,42158808.0,5124.0,7448.0,6524.0,29232.0000000149,0.0,0.0,0.0,0.0,91002856.1,2172571791.0,27824813.28,0.0,0.0,232505260772.0,112331013.22000001,0.0,0.0,0.0,0.0,0.0,0.0,0.0,0.0
7389906.0,10741612.0,9409006.0,42158808.0,0.0,7389906.0,10741612.0,9409006.0,42158808.0,5124.0,7448.0,6524.0,29232.0000000149,0.0,0.0,0.0,0.0,91002856.1,2172571791.0,27824813.28,0.0,0.0,232505260772.0,112331013.22000001,0.0,0.0,0.0,0.0,0.0,0.0,0.0,0.0
7389906.0,10741612.0,9409006.0,42158808.0,0.0,7389906.0,10741612.0,9409006.0,42158808.0,5124.0,7448.0,6524.0,29232.0000000149,0.0,0.0,0.0,0.0,91002856.1,2172571791.0,27824813.28,0.0,0.0,232505260772.0,112331013.22000001,0.0,0.0,0.0,0.0,0.0,0.0,0.0,0.0
7389906.0,10741612.0,9409006.0,42158808.0,0.0,7389906.0,10741612.0,9409006.0,42158808.0,5124.0,7448.0,6524.0,29232.0000000149,0.0,0.0,0.0,0.0,91002856.1,2172571791.0,27824813.28,0.0,0.0,232505260772.0,112331013.22000001,0.0,0.0,0.0,0.0,0.0,0.0,0.0,0.0
7401435.0,10758370.0,9423685.0,42224580.0,0.0,7396494.0,10751188.0,9417394.0,42196392.0,6771.0,9842.0,8621.0,38628.0000000149,0.0,0.0,0.0,0.0,91144829.74999999,2175961222.5,27868222.8,0.0,0.0,232867992470.0,112506260.94999999,4941.0,7182.0,6291.0,28188.0,0.0,0.0,0.0,0.0
7396494.0,10751188.0,9417394.0,42196392.0,0.0,7396494.0,10751188.0,9417394.0,42196392.0,6771.0,9842.0,8621.0,38628.0000000149,0.0,0.0,0.0,0.0,91083983.89999999,2174508609.0,27849618.720000003,0.0,0.0,232712536028.0,112431154.78,0.0,0.0,0.0,0.0,0.0,0.0,0.0,0.0
7407291.0,10766882.0,9431141.0,42257988.0,0.0,7407291.0,10766882.0,9431141.0,42257988.0,9333.0,13566.0,11883.0,53244.0000000149,0.0,0.0,0.0,0.0,91216943.35,2177682838.5,27890272.080000002,0.0,0.0,233052237142.0,112595275.67000002,0.0,0.0,0.0,0.0,0.0,0.0,0.0,0.0
7407291.0,10766882.0,9431141.0,42257988.0,0.0,7407291.0,10766882.0,9431141.0,42257988.0,9333.0,13566.0,11883.0,53244.0000000149,0.0,0.0,0.0,0.0,91216943.35,2177682838.5,27890272.080000002,0.0,0.0,233052237142.0,112595275.67000002,0.0,0.0,0.0,0.0,0.0,0.0,0.0,0.0
7407291.0,10766882.0,9431141.0,42257988.0,0.0,7407291.0,10766882.0,9431141.0,42257988.0,9333.0,13566.0,11883.0,53244.0000000149,0.0,0.0,0.0,0.0,91216943.35,2177682838.5,27890272.080000002,0.0,0.0,233052237142.0,112595275.67000002,0.0,0.0,0.0,0.0,0.0,0.0,0.0,0.0
7407291.0,10766882.0,9431141.0,42257988.0,0.0,7407291.0,10766882.0,9431141.0,42257988.0,9333.0,13566.0,11883.0,53244.0000000149,0.0,0.0,0.0,0.0,91216943.35,2177682838.5,27890272.080000002,0.0,0.0,233052237142.0,112595275.67000002,0.0,0.0,0.0,0.0,0.0,0.0,0.0,0.0
7407291.0,10766882.0,9431141.0,42257988.0,0.0,7407291.0,10766882.0,9431141.0,42257988.0,9333.0,13566.0,11883.0,53244.0000000149,0.0,0.0,0.0,0.0,91216943.35,2177682838.5,27890272.080000002,0.0,0.0,233052237142.0,112595275.67000002,0.0,0.0,0.0,0.0,0.0,0.0,0.0,0.0
7407291.0,10766882.0,9431141.0,42257988.0,0.0,7407291.0,10766882.0,9431141.0,42257988.0,9333.0,13566.0,11883.0,53244.0000000149,0.0,0.0,0.0,0.0,91216943.35,2177682838.5,27890272.080000002,0.0,0.0,233052237142.0,112595275.67000002,0.0,0.0,0.0,0.0,0.0,0.0,0.0,0.0
7570893.0,11004686.0,9639443.0,43191324.0,0.0,7489092.0,10885784.0,9535292.0,42724656.0,9333.0,13566.0,11883.0,53244.0000000149,0.0,0.0,0.0,0.0,93231617.05,2225780485.5,28506273.84,0.0,0.0,238199572666.0,115082124.41000001,81801.0,118902.0,104151.0,466668.0,0.0,0.0,0.0,0.0
7489092.0,10885784.0,9535292.0,42724656.0,0.0,7489092.0,10885784.0,9535292.0,42724656.0,9333.0,13566.0,11883.0,53244.0000000149,0.0,0.0,0.0,0.0,92224280.19999999,2201731662.0,28198272.96,0.0,0.0,235625904904.0,113838700.04,0.0,0.0,0.0,0.0,0.0,0.0,0.0,0.0
7489092.0,10885784.0,9535292.0,42724656.0,0.0,7489092.0,10885784.0,9535292.0,42724656.0,9333.0,13566.0,11883.0,53244.0000000149,0.0,0.0,0.0,0.0,92224280.19999999,2201731662.0,28198272.96,0.0,0.0,235625904904.0,113838700.04,0.0,0.0,0.0,0.0,0.0,0.0,0.0,0.0
7489092.0,10885784.0,9535292.0,42724656.0,0.0,7489092.0,10885784.0,9535292.0,42724656.0,9333.0,13566.0,11883.0,53244.0000000149,0.0,0.0,0.0,0.0,92224280.19999999,2201731662.0,28198272.96,0.0,0.0,235625904904.0,113838700.04,0.0,0.0,0.0,0.0,0.0,0.0,0.0,0.0
7489092.0,10885784.0,9535292.0,42724656.0,0.0,7489092.0,10885784.0,9535292.0,42724656.0,9333.0,13566.0,11883.0,53244.0000000149,0.0,0.0,0.0,0.0,92224280.19999999,2201731662.0,28198272.96,0.0,0.0,235625904904.0,113838700.04,0.0,0.0,0.0,0.0,0.0,0.0,0.0,0.0
7509222.0,10915044.0,9560922.0,42839496.0,0.0,7499157.0,10900414.0,9548107.0,42782076.0,9333.0,13566.0,11883.0,53244.0000000149,0.0,0.0,0.0,0.0,92472170.69999999,2207649717.0,28274067.360000003,0.0,0.0,236259245964.0,114144688.14,10065.0,14630.0,12815.0,57420.0,0.0,0.0,0.0,0.0
7499157.0,10900414.0,9548107.0,42782076.0,0.0,7499157.0,10900414.0,9548107.0,42782076.0,9333.0,13566.0,11883.0,53244.0000000149,0.0,0.0,0.0,0.0,92348225.44999999,2204690689.5,28236170.16,0.0,0.0,235942575434.0,113991694.08999999,0.0,0.0,0.0,0.0,0.0,0.0,0.0,0.0
7519287.0,10929674.0,9573737.0,42896916.0,0.0,7509222.0,10915044.0,9560922.0,42839496.0,9333.0,13566.0,11883.0,53244.0000000149,0.0,0.0,0.0,0.0,92596115.95,2210608744.5,28311964.560000002,0.0,0.0,236575916494.0,114297682.19000001,10065.0,14630.0,12815.0,57420.0,0.0,0.0,0.0,0.0
7509222.0,10915044.0,9560922.0,42839496.0,0.0,7509222.0,10915044.0,9560922.0,42839496.0,9333.0,13566.0,11883.0,53244.0000000149,0.0,0.0,0.0,0.0,92472170.69999999,2207649717.0,28274067.360000003,0.0,0.0,236259245964.0,114144688.14,0.0,0.0,0.0,0.0,0.0,0.0,0.0,0.0
7509222.0,10915044.0,9560922.0,42839496.0,0.0,7509222.0,10915044.0,9560922.0,42839496.0,9333.0,13566.0,11883.0,53244.0000000149,0.0,0.0,0.0,0.0,92472170.69999999,2207649717.0,28274067.360000003,0.0,0.0,236259245964.0,114144688.14,0.0,0.0,0.0,0.0,0.0,0.0,0.0,0.0
7509222.0,10915044.0,9560922.0,42839496.0,0.0,7509222.0,10915044.0,9560922.0,42839496.0,9333.0,13566.0,11883.0,53244.0000000149,0.0,0.0,0.0,0.0,92472170.69999999,2207649717.0,28274067.360000003,0.0,0.0,236259245964.0,114144688.14,0.0,0.0,0.0,0.0,0.0,0.0,0.0,0.0
7509222.0,10915044.0,9560922.0,42839496.0,0.0,7509222.0,10915044.0,9560922.0,42839496.0,9333.0,13566.0,11883.0,53244.0000000149,0.0,0.0,0.0,0.0,92472170.69999999,2207649717.0,28274067.360000003,0.0,0.0,236259245964.0,114144688.14,0.0,0.0,0.0,0.0,0.0,0.0,0.0,0.0
7509222.0,10915044.0,9560922.0,42839496.0,0.0,7509222.0,10915044.0,9560922.0,42839496.0,9333.0,13566.0,11883.0,53244.0000000149,0.0,0.0,0.0,0.0,92472170.69999999,2207649717.0,28274067.360000003,0.0,0.0,236259245964.0,114144688.14,0.0,0.0,0.0,0.0,0.0,0.0,0.0,0.0
7675020.0,11156040.0,9772020.0,43785360.0,0.0,7592121.0,11035542.0,9666471.0,43312428.0,9333.0,13566.0,11883.0,53244.0000000149,0.0,0.0,0.0,0.0,94513887.0,2256392970.0,28898337.6,0.0,0.0,241475673240.0,116664917.4,82899.0,120498.0,105549.0,472932.0,0.0,0.0,0.0,0.0
7592121.0,11035542.0,9666471.0,43312428.0,0.0,7592121.0,11035542.0,9666471.0,43312428.0,9333.0,13566.0,11883.0,53244.0000000149,0.0,0.0,0.0,0.0,93493028.85,2232021343.5,28586202.48,0.0,0.0,238867459602.0,115404802.77000001,0.0,0.0,0.0,0.0,0.0,0.0,0.0,0.0
7592121.0,11035542.0,9666471.0,43312428.0,0.0,7592121.0,11035542.0,9666471.0,43312428.0,9333.0,13566.0,11883.0,53244.0000000149,0.0,0.0,0.0,0.0,93493028.85,2232021343.5,28586202.48,0.0,0.0,238867459602.0,115404802.77000001,0.0,0.0,0.0,0.0,0.0,0.0,0.0,0.0
7592121.0,11035542.0,9666471.0,43312428.0,0.0,7592121.0,11035542.0,9666471.0,43312428.0,9333.0,13566.0,11883.0,53244.0000000149,0.0,0.0,0.0,0.0,93493028.85,2232021343.5,28586202.48,0.0,0.0,238867459602.0,115404802.77000001,0.0,0.0,0.0,0.0,0.0,0.0,0.0,0.0
7592121.0,11035542.0,9666471.0,43312428.0,0.0,7592121.0,11035542.0,9666471.0,43312428.0,9333.0,13566.0,11883.0,53244.0000000149,0.0,0.0,0.0,0.0,93493028.85,2232021343.5,28586202.48,0.0,0.0,238867459602.0,115404802.77000001,0.0,0.0,0.0,0.0,0.0,0.0,0.0,0.0
7606944.0,11057088.0,9685344.0,43396992.0,0.0,7601454.0,11049108.0,9678354.0,43365672.0,13176.0,19152.0,16776.0,75168.0000000149,0.0,0.0,0.0,0.0,93675566.39999999,2236379184.0,28642014.720000003,0.0,0.0,239333828928.0,115630121.28,5490.0,7980.0,6990.0,31320.0,0.0,0.0,0.0,0.0
7601454.0,11049108.0,9678354.0,43365672.0,0.0,7601454.0,11049108.0,9678354.0,43365672.0,13176.0,19152.0,16776.0,75168.0000000149,0.0,0.0,0.0,0.0,93607959.89999999,2234765169.0,28621343.52,0.0,0.0,239161099548.0,115546669.97999999,0.0,0.0,0.0,0.0,0.0,0.0,0.0,0.0
7634577.0,11097254.0,9720527.0,43554636.0,0.0,7620120.0,11076240.0,9702120.0,43472160.0,17385.0,25270.0,22135.0,99180.0000000149,0.0,0.0,0.0,0.0,94015852.44999999,2244503059.5,28746059.76,0.0,0.0,240203233474.0,116050159.49000001,14457.0,21014.0,18407.0,82476.0,0.0,0.0,0.0,0.0
7620120.0,11076240.0,9702120.0,43472160.0,0.0,7620120.0,11076240.0,9702120.0,43472160.0,17385.0,25270.0,22135.0,99180.0000000149,0.0,0.0,0.0,0.0,93837822.0,2240252820.0,28691625.6,0.0,0.0,239748379440.0,115830404.4,0.0,0.0,0.0,0.0,0.0,0.0,0.0,0.0
7620120.0,11076240.0,9702120.0,43472160.0,0.0,7620120.0,11076240.0,9702120.0,43472160.0,17385.0,25270.0,22135.0,99180.0000000149,0.0,0.0,0.0,0.0,93837822.0,2240252820.0,28691625.6,0.0,0.0,239748379440.0,115830404.4,0.0,0.0,0.0,0.0,0.0,0.0,0.0,0.0
7620120.0,11076240.0,9702120.0,43472160.0,0.0,7620120.0,11076240.0,9702120.0,43472160.0,17385.0,25270.0,22135.0,99180.0000000149,0.0,0.0,0.0,0.0,93837822.0,2240252820.0,28691625.6,0.0,0.0,239748379440.0,115830404.4,0.0,0.0,0.0,0.0,0.0,0.0,0.0,0.0
7620120.0,11076240.0,9702120.0,43472160.0,0.0,7620120.0,11076240.0,9702120.0,43472160.0,17385.0,25270.0,22135.0,99180.0000000149,0.0,0.0,0.0,0.0,93837822.0,2240252820.0,28691625.6,0.0,0.0,239748379440.0,115830404.4,0.0,0.0,0.0,0.0,0.0,0.0,0.0,0.0
7620120.0,11076240.0,9702120.0,43472160.0,0.0,7620120.0,11076240.0,9702120.0,43472160.0,17385.0,25270.0,22135.0,99180.0000000149,0.0,0.0,0.0,0.0,93837822.0,2240252820.0,28691625.6,0.0,0.0,239748379440.0,115830404.4,0.0,0.0,0.0,0.0,0.0,0.0,0.0,0.0
7777866.0,11305532.0,9902966.0,44372088.0,0.0,7698993.0,11190886.0,9802543.0,43922124.0,17385.0,25270.0,22135.0,99180.0000000149,0.0,0.0,0.0,0.0,95780382.1,2286628851.0,29285578.080000002,0.0,0.0,244711470292.0,118228238.42000002,78873.0,114646.0,100423.0,449964.0,0.0,0.0,0.0,0.0
7698993.0,11190886.0,9802543.0,43922124.0,0.0,7698993.0,11190886.0,9802543.0,43922124.0,17385.0,25270.0,22135.0,99180.0000000149,0.0,0.0,0.0,0.0,94809102.05,2263440835.5,28988601.84,0.0,0.0,242229924866.0,117029321.41000001,0.0,0.0,0.0,0.0,0.0,0.0,0.0,0.0
7698993.0,11190886.0,9802543.0,43922124.0,0.0,7698993.0,11190886.0,9802543.0,43922124.0,17385.0,25270.0,22135.0,99180.0000000149,0.0,0.0,0.0,0.0,94809102.05,2263440835.5,28988601.84,0.0,0.0,242229924866.0,117029321.41000001,0.0,0.0,0.0,0.0,0.0,0.0,0.0,0.0
7698993.0,11190886.0,9802543.0,43922124.0,0.0,7698993.0,11190886.0,9802543.0,43922124.0,17385.0,25270.0,22135.0,99180.0000000149,0.0,0.0,0.0,0.0,94809102.05,2263440835.5,28988601.84,0.0,0.0,242229924866.0,117029321.41000001,0.0,0.0,0.0,0.0,0.0,0.0,0.0,0.0
7698993.0,11190886.0,9802543.0,43922124.0,0.0,7698993.0,11190886.0,9802543.0,43922124.0,17385.0,25270.0,22135.0,99180.0000000149,0.0,0.0,0.0,0.0,94809102.05,2263440835.5,28988601.84,0.0,0.0,242229924866.0,117029321.41000001,0.0,0.0,0.0,0.0,0.0,0.0,0.0,0.0
7710705.0,11207910.0,9817455.0,43988940.0,0.0,7707411.0,11203122.0,9813261.0,43970148.0,22509.0,32718.0,28659.0,128412.0000000149,0.0,0.0,0.0,0.0,94953329.25,2266884067.5,29032700.400000002,0.0,0.0,242598414210.0,117207350.85000001,3294.0,4788.0,4194.0,18792.0,0.0,0.0,0.0,0.0
7707411.0,11203122.0,9813261.0,43970148.0,0.0,7707411.0,11203122.0,9813261.0,43970148.0,22509.0,32718.0,28659.0,128412.0000000149,0.0,0.0,0.0,0.0,94912765.35,2265915658.5,29020297.68,0.0,0.0,242494776582.0,117157280.07000001,0.0,0.0,0.0,0.0,0.0,0.0,0.0,0.0
7735959.0,11244618.0,9849609.0,44133012.0,0.0,7721685.0,11223870.0,9831435.0,44051580.0,22509.0,32718.0,28659.0,128412.0000000149,0.0,0.0,0.0,0.0,95264319.14999999,2274308536.5,29127787.92,0.0,0.0,243392969358.0,117591226.83,14274.0,20748.0,18174.0,81432.0,0.0,0.0,0.0,0.0
7721685.0,11223870.0,9831435.0,44051580.0,0.0,7721685.0,11223870.0,9831435.0,44051580.0,22509.0,32718.0,28659.0,128412.0000000149,0.0,0.0,0.0,0.0,95088542.24999999,2270112097.5,29074042.8,0.0,0.0,242943872970.0,117374253.44999999,0.0,0.0,0.0,0.0,0.0,0.0,0.0,0.0
7721685.0,11223870.0,9831435.0,44051580.0,0.0,7721685.0,11223870.0,9831435.0,44051580.0,22509.0,32718.0,28659.0,128412.0000000149,0.0,0.0,0.0,0.0,95088542.24999999,2270112097.5,29074042.8,0.0,0.0,242943872970.0,117374253.44999999,0.0,0.0,0.0,0.0,0.0,0.0,0.0,0.0
7721685.0,11223870.0,9831435.0,44051580.0,0.0,7721685.0,11223870.0,9831435.0,44051580.0,22509.0,32718.0,28659.0,128412.0000000149,0.0,0.0,0.0,0.0,95088542.24999999,2270112097.5,29074042.8,0.0,0.0,242943872970.0,117374253.44999999,0.0,0.0,0.0,0.0,0.0,0.0,0.0,0.0
7721685.0,11223870.0,9831435.0,44051580.0,0.0,7721685.0,11223870.0,9831435.0,44051580.0,22509.0,32718.0,28659.0,128412.0000000149,0.0,0.0,0.0,0.0,95088542.24999999,2270112097.5,29074042.8,0.0,0.0,242943872970.0,117374253.44999999,0.0,0.0,0.0,0.0,0.0,0.0,0.0,0.0
7721685.0,11223870.0,9831435.0,44051580.0,0.0,7721685.0,11223870.0,9831435.0,44051580.0,22509.0,32718.0,28659.0,128412.0000000149,0.0,0.0,0.0,0.0,95088542.24999999,2270112097.5,29074042.8,0.0,0.0,242943872970.0,117374253.44999999,0.0,0.0,0.0,0.0,0.0,0.0,0.0,0.0
7881993.000000002,11456886.0,10035543.0,44966124.0,0.0,7801839.000000001,11340378.0,9933489.0,44508852.0,22509.0,32718.0,28659.0,128412.0000000149,0.0,0.0,0.0,0.0,97062652.05000001,2317241335.5000005,29677641.84,0.0,0.0,247987570866.00003,119811031.41000001,80154.00000000093,116508.0,102054.0,457272.0,0.0,0.0,0.0,0.0
7801839.000000001,11340378.0,9933489.0,44508852.0,0.0,7801839.000000001,11340378.0,9933489.0,44508852.0,22509.0,32718.0,28659.0,128412.0000000149,0.0,0.0,0.0,0.0,96075597.15,2293676716.5,29375842.32,0.0,0.0,245465721918.0,118592642.42999999,0.0,0.0,0.0,0.0,0.0,0.0,0.0,0.0
7801839.000000001,11340378.0,9933489.0,44508852.0,0.0,7801839.000000001,11340378.0,9933489.0,44508852.0,22509.0,32718.0,28659.0,128412.0000000149,0.0,0.0,0.0,0.0,96075597.15,2293676716.5,29375842.32,0.0,0.0,245465721918.0,118592642.42999999,0.0,0.0,0.0,0.0,0.0,0.0,0.0,0.0
7801839.000000001,11340378.0,9933489.0,44508852.0,0.0,7801839.000000001,11340378.0,9933489.0,44508852.0,22509.0,32718.0,28659.0,128412.0000000149,0.0,0.0,0.0,0.0,96075597.15,2293676716.5,29375842.32,0.0,0.0,245465721918.0,118592642.42999999,0.0,0.0,0.0,0.0,0.0,0.0,0.0,0.0
7801839.000000001,11340378.0,9933489.0,44508852.0,0.0,7801839.000000001,11340378.0,9933489.0,44508852.0,22509.0,32718.0,28659.0,128412.0000000149,0.0,0.0,0.0,0.0,96075597.15,2293676716.5,29375842.32,0.0,0.0,245465721918.0,118592642.42999999,0.0,0.0,0.0,0.0,0.0,0.0,0.0,0.0
7807878.000000001,11349156.0,9941178.0,44543304.0,0.0,7807878.000000001,11349156.0,9941178.0,44543304.0,25254.0,36708.0,32154.0,144072.0000000149,0.0,0.0,0.0,0.0,96149964.30000001,2295452133.0,29398580.64,0.0,0.0,245655724236.0,118684438.86,0.0,0.0,0.0,0.0,0.0,0.0,0.0,0.0
7807878.000000001,11349156.0,9941178.0,44543304.0,0.0,7807878.000000001,11349156.0,9941178.0,44543304.0,25254.0,36708.0,32154.0,144072.0000000149,0.0,0.0,0.0,0.0,96149964.30000001,2295452133.0,29398580.64,0.0,0.0,245655724236.0,118684438.86,0.0,0.0,0.0,0.0,0.0,0.0,0.0,0.0
7816479.0,11361658.0,9952129.0,44592372.0,0.0,7816479.0,11361658.0,9952129.0,44592372.0,26717.99999999907,38836.0,34018.0,152424.0000000149,0.0,0.0,0.0,0.0,96255881.14999999,2297980756.5,29430965.52,0.0,0.0,245926333598.0,118815179.22999999,0.0,0.0,0.0,0.0,0.0,0.0,0.0,0.0
7816479.0,11361658.0,9952129.0,44592372.0,0.0,7816479.0,11361658.0,9952129.0,44592372.0,26717.99999999907,38836.0,34018.0,152424.0000000149,0.0,0.0,0.0,0.0,96255881.14999999,2297980756.5,29430965.52,0.0,0.0,245926333598.0,118815179.22999999,0.0,0.0,0.0,0.0,0.0,0.0,0.0,0.0
7816479.0,11361658.0,9952129.0,44592372.0,0.0,7816479.0,11361658.0,9952129.0,44592372.0,26717.99999999907,38836.0,34018.0,152424.0000000149,0.0,0.0,0.0,0.0,96255881.14999999,2297980756.5,29430965.52,0.0,0.0,245926333598.0,118815179.22999999,0.0,0.0,0.0,0.0,0.0,0.0,0.0,0.0
7816479.0,11361658.0,9952129.0,44592372.0,0.0,7816479.0,11361658.0,9952129.0,44592372.0,26717.99999999907,38836.0,34018.0,152424.0000000149,0.0,0.0,0.0,0.0,96255881.14999999,2297980756.5,29430965.52,0.0,0.0,245926333598.0,118815179.22999999,0.0,0.0,0.0,0.0,0.0,0.0,0.0,0.0
7816479.0,11361658.0,9952129.0,44592372.0,0.0,7816479.0,11361658.0,9952129.0,44592372.0,26717.99999999907,38836.0,34018.0,152424.0000000149,0.0,0.0,0.0,0.0,96255881.14999999,2297980756.5,29430965.52,0.0,0.0,245926333598.0,118815179.22999999,0.0,0.0,0.0,0.0,0.0,0.0,0.0,0.0
7816479.0,11361658.0,9952129.0,44592372.0,0.0,7816479.0,11361658.0,9952129.0,44592372.0,26717.99999999907,38836.0,34018.0,152424.0000000149,0.0,0.0,0.0,0.0,96255881.14999999,2297980756.5,29430965.52,0.0,0.0,245926333598.0,118815179.22999999,0.0,0.0,0.0,0.0,0.0,0.0,0.0,0.0
7968735.0,11582970.0,10145985.0,45460980.0,0.0,7892607.0,11472314.0,10049057.0,45026676.0,26717.99999999907,38836.0,34018.0,152424.0000000149,0.0,0.0,0.0,0.0,98130834.74999999,2342742772.5,30004246.8,0.0,0.0,250716695070.0,121129561.94999999,76128.0,110656.0,96928.0,434304.0,0.0,0.0,0.0,0.0
7892607.0,11472314.0,10049057.0,45026676.0,0.0,7892607.0,11472314.0,10049057.0,45026676.0,26717.99999999907,38836.0,34018.0,152424.0000000149,0.0,0.0,0.0,0.0,97193357.94999999,2320361764.5,29717606.16,0.0,0.0,248321514334.0,119972370.58999999,0.0,0.0,0.0,0.0,0.0,0.0,0.0,0.0
7892607.0,11472314.0,10049057.0,45026676.0,0.0,7892607.0,11472314.0,10049057.0,45026676.0,26717.99999999907,38836.0,34018.0,152424.0000000149,0.0,0.0,0.0,0.0,97193357.94999999,2320361764.5,29717606.16,0.0,0.0,248321514334.0,119972370.58999999,0.0,0.0,0.0,0.0,0.0,0.0,0.0,0.0
7892607.0,11472314.0,10049057.0,45026676.0,0.0,7892607.0,11472314.0,10049057.0,45026676.0,26717.99999999907,38836.0,34018.0,152424.0000000149,0.0,0.0,0.0,0.0,97193357.94999999,2320361764.5,29717606.16,0.0,0.0,248321514334.0,119972370.58999999,0.0,0.0,0.0,0.0,0.0,0.0,0.0,0.0
7892607.0,11472314.0,10049057.0,45026676.0,0.0,7892607.0,11472314.0,10049057.0,45026676.0,26717.99999999907,38836.0,34018.0,152424.0000000149,0.0,0.0,0.0,0.0,97193357.94999999,2320361764.5,29717606.16,0.0,0.0,248321514334.0,119972370.58999999,0.0,0.0,0.0,0.0,0.0,0.0,0.0,0.0
7899561.0,11482422.0,10057911.0,45066348.0,0.0,7899561.0,11482422.0,10057911.0,45066348.0,28364.99999999907,41229.999999996275,36115.0,161820.0000000149,0.0,0.0,0.0,0.0,97278992.85,2322406183.5,29743789.68,0.0,0.0,248540304882.0,120078075.57000001,0.0,0.0,0.0,0.0,0.0,0.0,0.0,0.0
7899561.0,11482422.0,10057911.0,45066348.0,0.0,7899561.0,11482422.0,10057911.0,45066348.0,28364.99999999907,41229.999999996275,36115.0,161820.0000000149,0.0,0.0,0.0,0.0,97278992.85,2322406183.5,29743789.68,0.0,0.0,248540304882.0,120078075.57000001,0.0,0.0,0.0,0.0,0.0,0.0,0.0,0.0
7904136.0,11489072.0,10063736.0,45092448.0,0.0,7904136.0,11489072.0,10063736.0,45092448.0,28364.99999999907,41229.999999996275,36115.0,161820.0000000149,0.0,0.0,0.0,0.0,97335331.6,2323751196.0,29761015.68,0.0,0.0,248684246032.0,120147618.32000001,0.0,0.0,0.0,0.0,0.0,0.0,0.0,0.0
7904136.0,11489072.0,10063736.0,45092448.0,0.0,7904136.0,11489072.0,10063736.0,45092448.0,28364.99999999907,41229.999999996275,36115.0,161820.0000000149,0.0,0.0,0.0,0.0,97335331.6,2323751196.0,29761015.68,0.0,0.0,248684246032.0,120147618.32000001,0.0,0.0,0.0,0.0,0.0,0.0,0.0,0.0
